{
  "best_k": 1,
  "k_scores": {
    "1": 0.9420992789140942,
    "3": 0.9401995388501057,
    "5": 0.9377997187841159,
    "7": 0.9364997387561192,
    "9": 0.9330998786741302,
    "11": 0.9306997286411306
  }
}